{
  "Ansi 7 Color (Light)" : {
    "Red Component" : 0.59607881307601929,
    "Color Space" : "P3",
    "Blue Component" : 0.61396497488021851,
    "Alpha Component" : 1,
    "Green Component" : 0.59607809782028198
  },
  "Ansi 15 Color (Light)" : {
    "Red Component" : 0.99999994039535522,
    "Color Space" : "P3",
    "Blue Component" : 1,
    "Alpha Component" : 1,
    "Green Component" : 1
  },
  "Ansi 2 Color (Light)" : {
    "Red Component" : 0.31618675589561462,
    "Color Space" : "P3",
    "Blue Component" : 0.28143119812011719,
    "Alpha Component" : 1,
    "Green Component" : 0.63226044178009033
  },
  "Bold Color" : {
    "Red Component" : 0.062745101749896975,
    "Color Space" : "sRGB",
    "Blue Component" : 0.062745101749896975,
    "Alpha Component" : 1,
    "Green Component" : 0.062745101749896975
  },
  "Ansi 1 Color (Dark)" : {
    "Red Component" : 0.73696267604827881,
    "Color Space" : "P3",
    "Blue Component" : 0.21598273515701294,
    "Alpha Component" : 1,
    "Green Component" : 0.2651408314704895
  },
  "Use Bright Bold" : true,
  "Ansi 9 Color (Light)" : {
    "Red Component" : 0.9226568341255188,
    "Color Space" : "P3",
    "Blue Component" : 0.27149093151092529,
    "Alpha Component" : 1,
    "Green Component" : 0.33317780494689941
  },
  "Ansi 8 Color (Dark)" : {
    "Red Component" : 0.27450978755950928,
    "Color Space" : "P3",
    "Blue Component" : 0.27450978755950928,
    "Alpha Component" : 1,
    "Green Component" : 0.27450978755950928
  },
  "Background Color" : {
    "Red Component" : 0.97999999999999998,
    "Color Space" : "sRGB",
    "Blue Component" : 0.97999999999999998,
    "Alpha Component" : 1,
    "Green Component" : 0.97999999999999998
  },
  "Columns" : 100,
  "Ansi 8 Color" : {
    "Red Component" : 0.40781760215759277,
    "Color Space" : "sRGB",
    "Blue Component" : 0.4078223705291748,
    "Alpha Component" : 1,
    "Green Component" : 0.40782788395881653
  },
  "Right Option Key Sends" : 0,
  "Ansi 4 Color (Light)" : {
    "Red Component" : 0.18002301454544067,
    "Color Space" : "P3",
    "Blue Component" : 0.77125400304794312,
    "Alpha Component" : 1,
    "Green Component" : 0.40637201070785522
  },
  "Blinking Cursor" : false,
  "Selected Text Color (Light)" : {
    "Red Component" : 0,
    "Color Space" : "P3",
    "Blue Component" : 0,
    "Alpha Component" : 1,
    "Green Component" : 0
  },
  "Selected Text Color (Dark)" : {
    "Red Component" : 0,
    "Color Space" : "P3",
    "Blue Component" : 0,
    "Alpha Component" : 1,
    "Green Component" : 0
  },
  "Ansi 3 Color (Dark)" : {
    "Red Component" : 0.78210026025772095,
    "Color Space" : "P3",
    "Blue Component" : 0.22774046659469604,
    "Alpha Component" : 1,
    "Green Component" : 0.67872500419616699
  },
  "Keyboard Map" : {

  },
  "Visual Bell" : true,
  "Cursor Text Color" : {
    "Red Component" : 1,
    "Color Space" : "sRGB",
    "Blue Component" : 1,
    "Alpha Component" : 1,
    "Green Component" : 1
  },
  "Scrollback Lines" : 1000,
  "Selection Color (Light)" : {
    "Red Component" : 0.70588237047195435,
    "Color Space" : "P3",
    "Blue Component" : 1,
    "Alpha Component" : 1,
    "Green Component" : 0.84313726425170898
  },
  "Ansi 0 Color" : {
    "Red Component" : 0.078431375324726105,
    "Color Space" : "sRGB",
    "Blue Component" : 0.11764705926179886,
    "Alpha Component" : 1,
    "Green Component" : 0.098039217293262454
  },
  "Match Background Color (Dark)" : {
    "Red Component" : 1,
    "Color Space" : "P3",
    "Blue Component" : 0,
    "Alpha Component" : 1,
    "Green Component" : 1
  },
  "Ansi 11 Color (Light)" : {
    "Red Component" : 0.97397869825363159,
    "Color Space" : "P3",
    "Blue Component" : 0.29025426506996155,
    "Alpha Component" : 1,
    "Green Component" : 0.84522330760955811
  },
  "Ansi 5 Color (Dark)" : {
    "Red Component" : 0.55001044273376465,
    "Color Space" : "P3",
    "Blue Component" : 0.72297805547714233,
    "Alpha Component" : 1,
    "Green Component" : 0.29509153962135315
  },
  "Cursor Text Color (Light)" : {
    "Red Component" : 0.99999994039535522,
    "Color Space" : "P3",
    "Blue Component" : 1,
    "Alpha Component" : 1,
    "Green Component" : 1
  },
  "Silence Bell" : false,
  "Rows" : 30,
  "Guid" : "C19721C9-A1DE-4F3B-A382-DE81952A2BD1",
  "Ansi 14 Color (Dark)" : {
    "Red Component" : 0.55413359403610229,
    "Color Space" : "P3",
    "Blue Component" : 0.9831879734992981,
    "Alpha Component" : 1,
    "Green Component" : 0.82917934656143188
  },
  "Ansi 15 Color (Dark)" : {
    "Red Component" : 0.99999994039535522,
    "Color Space" : "P3",
    "Blue Component" : 1,
    "Alpha Component" : 1,
    "Green Component" : 1
  },
  "Ansi 0 Color (Dark)" : {
    "Red Component" : 0.10196080058813095,
    "Color Space" : "P3",
    "Blue Component" : 0.10196080058813095,
    "Alpha Component" : 1,
    "Green Component" : 0.10196080058813095
  },
  "Ambiguous Double Width" : false,
  "Option Key Sends" : 0,
  "Ansi 3 Color" : {
    "Red Component" : 0.78058648109436035,
    "Color Space" : "sRGB",
    "Blue Component" : 0,
    "Alpha Component" : 1,
    "Green Component" : 0.76959484815597534
  },
  "Window Type" : 0,
  "BM Growl" : true,
  "Prompt Before Closing 2" : false,
  "Command" : "",
  "Smart Cursor Color (Light)" : true,
  "Selected Text Color" : {
    "Red Component" : 0,
    "Color Space" : "sRGB",
    "Blue Component" : 0,
    "Alpha Component" : 1,
    "Green Component" : 0
  },
  "Ansi 14 Color (Light)" : {
    "Red Component" : 0.55413359403610229,
    "Color Space" : "P3",
    "Blue Component" : 0.9831879734992981,
    "Alpha Component" : 1,
    "Green Component" : 0.82917934656143188
  },
  "Cursor Guide Color (Dark)" : {
    "Red Component" : 0.74862587451934814,
    "Color Space" : "P3",
    "Blue Component" : 0.99078148603439331,
    "Alpha Component" : 0.25,
    "Green Component" : 0.92047786712646484
  },
  "Blend" : 0.25071281934306572,
  "ASCII Ligatures" : false,
  "Send Code When Idle" : false,
  "Ansi 6 Color" : {
    "Red Component" : 0,
    "Color Space" : "sRGB",
    "Blue Component" : 0.78166204690933228,
    "Alpha Component" : 1,
    "Green Component" : 0.77425903081893921
  },
  "Jobs to Ignore" : [
    "rlogin",
    "ssh",
    "slogin",
    "telnet"
  ],
  "Badge Color (Dark)" : {
    "Red Component" : 0.91916501522064209,
    "Color Space" : "P3",
    "Blue Component" : 0.14499923586845398,
    "Alpha Component" : 0.5,
    "Green Component" : 0.25273144245147705
  },
  "Cursor Color" : {
    "Red Component" : 0,
    "Color Space" : "sRGB",
    "Blue Component" : 0,
    "Alpha Component" : 1,
    "Green Component" : 0
  },
  "Vertical Spacing" : 1,
  "Minimum Contrast (Light)" : 0.5,
  "Disable Window Resizing" : true,
  "Bound Hosts" : [

  ],
  "Close Sessions On End" : true,
  "Selection Color (Dark)" : {
    "Red Component" : 0.70588237047195435,
    "Color Space" : "P3",
    "Blue Component" : 1,
    "Alpha Component" : 1,
    "Green Component" : 0.84313726425170898
  },
  "Default Bookmark" : "No",
  "Foreground Color (Light)" : {
    "Red Component" : 0,
    "Color Space" : "P3",
    "Blue Component" : 0,
    "Alpha Component" : 1,
    "Green Component" : 0
  },
  "Custom Command" : "No",
  "Background Color (Dark)" : {
    "Red Component" : 0.99607843160629272,
    "Color Space" : "P3",
    "Blue Component" : 1,
    "Alpha Component" : 1,
    "Green Component" : 1
  },
  "Ansi 9 Color" : {
    "Red Component" : 0.8659515380859375,
    "Color Space" : "sRGB",
    "Blue Component" : 0.45833224058151245,
    "Alpha Component" : 1,
    "Green Component" : 0.47524076700210571
  },
  "Ansi 14 Color" : {
    "Red Component" : 0.37597531080245972,
    "Color Space" : "sRGB",
    "Blue Component" : 1,
    "Alpha Component" : 1,
    "Green Component" : 0.99263292551040649
  },
  "Flashing Bell" : false,
  "Use Italic Font" : true,